{"pt": {"precision": 0.998, "recall": 0.998, "f1-score": 0.998, "support": 500.0}, "pl": {"precision": 0.998003992015968, "recall": 1.0, "f1-score": 0.999000999000999, "support": 500.0}, "tr": {"precision": 0.9940357852882704, "recall": 1.0, "f1-score": 0.9970089730807578, "support": 500.0}, "el": {"precision": 1.0, "recall": 1.0, "f1-score": 1.0, "support": 500.0}, "bg": {"precision": 0.9960159362549801, "recall": 1.0, "f1-score": 0.998003992015968, "support": 500.0}, "vi": {"precision": 1.0, "recall": 1.0, "f1-score": 1.0, "support": 500.0}, "ru": {"precision": 1.0, "recall": 0.998, "f1-score": 0.998998998998999, "support": 500.0}, "en": {"precision": 0.998003992015968, "recall": 1.0, "f1-score": 0.999000999000999, "support": 500.0}, "es": {"precision": 0.998003992015968, "recall": 1.0, "f1-score": 0.999000999000999, "support": 500.0}, "fr": {"precision": 1.0, "recall": 1.0, "f1-score": 1.0, "support": 500.0}, "th": {"precision": 1.0, "recall": 1.0, "f1-score": 1.0, "support": 500.0}, "zh": {"precision": 1.0, "recall": 1.0, "f1-score": 1.0, "support": 500.0}, "it": {"precision": 1.0, "recall": 0.992, "f1-score": 0.9959839357429718, "support": 500.0}, "sw": {"precision": 0.9861386138613861, "recall": 0.996, "f1-score": 0.991044776119403, "support": 500.0}, "de": {"precision": 1.0, "recall": 1.0, "f1-score": 1.0, "support": 500.0}, "ja": {"precision": 1.0, "recall": 1.0, "f1-score": 1.0, "support": 500.0}, "nl": {"precision": 1.0, "recall": 0.998, "f1-score": 0.998998998998999, "support": 500.0}, "ur": {"precision": 0.9958932238193019, "recall": 0.97, "f1-score": 0.9827760891590679, "support": 500.0}, "ar": {"precision": 1.0, "recall": 0.998, "f1-score": 0.998998998998999, "support": 500.0}, "hi": {"precision": 0.9783037475345168, "recall": 0.992, "f1-score": 0.9851042701092354, "support": 500.0}, "accuracy": 0.9971, "macro avg": {"precision": 0.997119964140318, "recall": 0.9971000000000002, "f1-score": 0.9970961015113697, "support": 10000.0}, "weighted avg": {"precision": 0.9971199641403178, "recall": 0.9971, "f1-score": 0.9970961015113696, "support": 10000.0}}